"","target_c","targetFQCN_c","teaching_c","step_c","ccna_c","idau_c","edge_dencity_c","graph_degree_c","eccentricity_centrality_c","centralization_c","page_rank_c","bonpow_c","betweenness_c"
"1","org.apache.catalina.manager.host.HostManagerServlet_booleanParameter","org.apache.catalina.manager.host.HostManagerServlet",1,31,17,0.290322580645161,0.0666666666666667,1.03333333333333,9.14938835074544e-06,48700.3019230769,0.042088099725787,0.156859426258138,870.503571428571
"2","org.apache.catalina.manager.host.HostManagerServlet_destroy","org.apache.catalina.manager.host.HostManagerServlet",1,NA,1,NA,0.5,0,0.125,90410.0571428571,0.105570944906125,1,0
"3","org.apache.catalina.manager.host.HostManagerServlet_doGet","org.apache.catalina.manager.host.HostManagerServlet",1,51,20,0.313725490196078,0.0294871794871795,0.830769230769231,5.23715277476062e-07,33305.8790181181,0.0236171112014106,0.118497922012987,10909.7333333333
"4","org.apache.catalina.manager.host.HostManagerServlet_getConfigBase","org.apache.catalina.manager.host.HostManagerServlet",1,29,10,0.482758620689655,0.0446153846153846,0.264615384615385,1.56819339198104e-06,43420.4727272727,0.034438838221999,0.151109542124082,2157.76
"5","org.apache.catalina.manager.host.HostManagerServlet_getStringManager","org.apache.catalina.manager.host.HostManagerServlet",1,15,5,0.533333333333333,0.0714285714285714,0.428571428571429,6.95930097699198e-06,29333.1345811052,0.0550021869866961,0.212380940911509,580.066666666667
"6","org.apache.catalina.manager.host.HostManagerServlet_init","org.apache.catalina.manager.host.HostManagerServlet",1,25,5,0.64,0.0657894736842105,1.10526315789474,8.44707219419973e-07,49913.9392712551,0.0436079864748296,0.242018665695612,186.194736842105
"7","org.apache.catalina.manager.host.HostManagerServlet_list","org.apache.catalina.manager.host.HostManagerServlet",1,54,10,0.611111111111111,0.0211764705882353,0.185882352941176,1.99616776249278e-07,14420.6315594113,0.0185346825775696,0.0724031969047977,77232.9584313725
"8","org.apache.catalina.manager.host.HostManagerServlet_remove","org.apache.catalina.manager.host.HostManagerServlet",1,78,18,0.538461538461538,0.0199692780337942,1.47926267281106,1.1414714042018e-07,24085.0672990063,0.0152890292743073,0.186317007065898,47458.6180235535
"9","org.apache.catalina.manager.host.HostManagerServlet_setWrapper","org.apache.catalina.manager.host.HostManagerServlet",1,23,3,0.782608695652174,0.0454545454545455,0.181818181818182,1.8039100990446e-06,46441.6358885017,0.0385866780389931,0.0868592426412153,375.521739130435
"10","org.apache.catalina.manager.host.HostManagerServlet_start","org.apache.catalina.manager.host.HostManagerServlet",1,73,14,0.547945205479452,0.0193019566367002,0.855631940772078,9.28795950197177e-08,24378.55,0.0154779320558771,0.15963262638498,43857.5198307774
"11","org.apache.catalina.manager.host.HostManagerServlet_stop","org.apache.catalina.manager.host.HostManagerServlet",1,73,14,0.547945205479452,0.0193019566367002,0.855631940772078,9.28795950197177e-08,24378.55,0.0154779320558771,0.15963262638498,43857.5198307774
"12","org.apache.catalina.manager.HTMLManagerServlet_deployInternal","org.apache.catalina.manager.HTMLManagerServlet",1,13,0,0.307692307692308,0.0714285714285714,0.131868131868132,3.64245068968979e-06,58685.9659090909,0.0581386632349052,0.0798619984671817,224
"13","org.apache.catalina.manager.HTMLManagerServlet_displaySessionDetailPage","org.apache.catalina.manager.HTMLManagerServlet",1,15,0,0.266666666666667,0.0625,0.116666666666667,2.05315346318231e-06,55438.9966386555,0.0521701430865413,0.0692454632282871,380.8
"14","org.apache.catalina.manager.HTMLManagerServlet_doGet","org.apache.catalina.manager.HTMLManagerServlet",1,72,27,0.458333333333333,0.0214761040532365,1.05868118572293,2.00536210637262e-07,25627.6404647984,0.0165611820602144,0.136210659503519,42472.6739261948
"15","org.apache.catalina.manager.HTMLManagerServlet_doPost","org.apache.catalina.manager.HTMLManagerServlet",1,73,32,0.452054794520548,0.0222222222222222,1.0962962962963,1.96029241517262e-07,26651.7795261014,0.0174489504006844,0.115434341583974,68240.2814814815
"16","org.apache.catalina.manager.HTMLManagerServlet_doSessions","org.apache.catalina.manager.HTMLManagerServlet",1,65,12,0.538461538461538,0.0177595628415301,0.149180327868852,6.32848193911728e-08,24679.2707278481,0.0156683325137484,0.0795393552312981,58636.6819672131
"17","org.apache.catalina.manager.HTMLManagerServlet_expireSessions","org.apache.catalina.manager.HTMLManagerServlet",1,20,4,0.4,0.065359477124183,0.65359477124183,7.97982061697286e-06,52531.8558558559,0.047642851199911,0.234030175318696,446.771241830065
"18","org.apache.catalina.manager.HTMLManagerServlet_findleaks","org.apache.catalina.manager.HTMLManagerServlet",1,26,5,0.384615384615385,0.0433333333333333,0.243333333333333,8.0635456270404e-07,44382.9402748414,0.0357029105766982,0.107081727361099,2818.47333333333
"19","org.apache.catalina.manager.HTMLManagerServlet_getComparator","org.apache.catalina.manager.HTMLManagerServlet",1,82,29,0.5,0.0177884615384615,1.10961538461538,1.84130559961239e-07,23518.7956110155,0.0150210206375534,0.100845535292802,42818.975
"20","org.apache.catalina.manager.HTMLManagerServlet_getSessionForNameAndId","org.apache.catalina.manager.HTMLManagerServlet",1,19,7,0.421052631578947,0.0620915032679739,0.339869281045752,6.41053922920994e-06,26971.6186186186,0.0473113253291056,0.175333304742674,694.330065359477
"21","org.apache.catalina.manager.HTMLManagerServlet_getSessionsForName","org.apache.catalina.manager.HTMLManagerServlet",1,70,20,0.5,0.0173611111111111,0.25,6.96927318585068e-09,12955.3358801058,0.0149405171378905,0.122083355527899,38056.1746031746
"22","org.apache.catalina.manager.HTMLManagerServlet_init","org.apache.catalina.manager.HTMLManagerServlet",1,7,0,0.714285714285714,0.125,0.214285714285714,4.36015391203131e-05,71185.6153846154,0.0874460647323487,0.147861722491073,24
"23","org.apache.catalina.manager.HTMLManagerServlet_invalidateSessions","org.apache.catalina.manager.HTMLManagerServlet",1,58,17,0.448275862068966,0.0315614617940199,2.47065337763012,7.51402346315975e-07,16171.698295581,0.022003740955256,0.204618909536548,72839.0487264673
"24","org.apache.catalina.manager.HTMLManagerServlet_list","org.apache.catalina.manager.HTMLManagerServlet",1,3,0,0.333333333333333,0.00232793522267206,0.214517061885483,9.04097803881398e-12,7826.87697737231,0.00217909182179079,0.071156537071246,83799426.8805041
"25","org.apache.catalina.manager.HTMLManagerServlet_reload","org.apache.catalina.manager.HTMLManagerServlet",1,11,0,0.363636363636364,0.0833333333333333,0.151515151515152,7.11430493881877e-06,62335.864516129,0.0655884694355531,0.0943226733928178,121.333333333333
"26","org.apache.catalina.manager.HTMLManagerServlet_removeSessionAttribute","org.apache.catalina.manager.HTMLManagerServlet",1,42,10,0.476190476190476,0.0298719772403983,0.278805120910384,4.99787733859504e-08,34452.5977443609,0.0244082897933581,0.143532820270571,3856.0746799431
"27","org.apache.catalina.manager.HTMLManagerServlet_sessions","org.apache.catalina.manager.HTMLManagerServlet",1,12,0,0.333333333333333,0.0769230769230769,0.141025641025641,5.01978699426067e-06,60456.0151209677,0.0616478197170766,0.0864921781018125,166.833333333333
"28","org.apache.catalina.manager.HTMLManagerServlet_start","org.apache.catalina.manager.HTMLManagerServlet",1,11,0,0.363636363636364,0.0833333333333333,0.151515151515152,7.11430493881877e-06,62335.864516129,0.0655884694355531,0.0943226733928178,121.333333333333
"29","org.apache.catalina.manager.HTMLManagerServlet_stop","org.apache.catalina.manager.HTMLManagerServlet",1,11,0,0.363636363636364,0.0833333333333333,0.151515151515152,7.11430493881877e-06,62335.864516129,0.0655884694355531,0.0943226733928178,121.333333333333
"30","org.apache.catalina.manager.HTMLManagerServlet_undeploy","org.apache.catalina.manager.HTMLManagerServlet",1,11,0,0.363636363636364,0.0833333333333333,0.151515151515152,7.11430493881877e-06,62335.864516129,0.0655884694355531,0.0943226733928178,121.333333333333
"31","org.apache.catalina.manager.HTMLManagerServlet_upload","org.apache.catalina.manager.HTMLManagerServlet",1,151,38,0.56953642384106,0.0291925465838509,47.1006211180124,2.90925484592228e-07,22213.1138917263,0.0143852748693342,0.117643869062716,76056.4890499195
"32","org.apache.catalina.manager.ManagerServlet_addServiced","org.apache.catalina.manager.ManagerServlet",1,11,0,0.636363636363636,0.0833333333333333,0.151515151515152,7.11430493881877e-06,62335.864516129,0.0655884694355531,0.0943226733928178,121.333333333333
"33","org.apache.catalina.manager.ManagerServlet_check","org.apache.catalina.manager.ManagerServlet",1,11,0,0.636363636363636,0.0833333333333333,0.151515151515152,7.11430493881877e-06,62335.864516129,0.0655884694355531,0.0943226733928178,121.333333333333
"34","org.apache.catalina.manager.ManagerServlet_copy","org.apache.catalina.manager.ManagerServlet",1,24,7,0.541666666666667,0.114285714285714,3.31428571428571,4.63946067093416e-05,57016.3930481283,0.0572118156367734,0.228176951071639,98.3738095238095
"35","org.apache.catalina.manager.ManagerServlet_copyInternal","org.apache.catalina.manager.ManagerServlet",1,137,48,0.357664233576642,0.0251509054325956,7.59597585513078,1.01984353762959e-07,11196.4578525702,0.0136081287573738,0.405614716676087,510715.292655936
"36","org.apache.catalina.manager.ManagerServlet_deploy","org.apache.catalina.manager.ManagerServlet",1,343,85,0.513119533527697,0.012379896526238,59.8987435328899,9.79658325292747e-09,5606.6139976597,0.0060447173297454,0.308786515847546,2151009.57141537
"37","org.apache.catalina.manager.ManagerServlet_destroy","org.apache.catalina.manager.ManagerServlet",1,NA,1,NA,0.5,0,0.125,90410.0571428571,0.105570944906125,1,0
"38","org.apache.catalina.manager.ManagerServlet_doGet","org.apache.catalina.manager.ManagerServlet",1,134,62,0.350746268656716,0.0129385964912281,2.25087719298246,2.75313985617297e-08,17236.723569794,0.0102554305070648,0.112203176042199,504401.023574561
"39","org.apache.catalina.manager.ManagerServlet_doPut","org.apache.catalina.manager.ManagerServlet",1,44,13,0.454545454545455,0.0296896086369771,0.406207827260459,2.29201827402146e-07,33869.5417422868,0.0238623047417978,0.111611375259416,16296.3333333333
"40","org.apache.catalina.manager.ManagerServlet_expireSessions","org.apache.catalina.manager.ManagerServlet",1,21,4,0.333333333333333,0.0614035087719298,0.619883040935672,6.10553379521961e-06,51189.5056899004,0.0454655031487417,0.226282108424845,611.923976608187
"41","org.apache.catalina.manager.ManagerServlet_findleaks","org.apache.catalina.manager.ManagerServlet",1,39,14,0.435897435897436,0.0347593582887701,0.39572192513369,9.99768656078056e-07,18911.1201946383,0.0271478029968691,0.131335622993492,5775.41265597148
"42","org.apache.catalina.manager.ManagerServlet_getWrapper","org.apache.catalina.manager.ManagerServlet",1,2,0,0.5,0.333333333333333,0.333333333333333,0.00694444444444444,86519.9935064935,0.125158046981784,0.508196721311475,0.333333333333333
"43","org.apache.catalina.manager.ManagerServlet_init","org.apache.catalina.manager.ManagerServlet",1,100,24,0.62,0.0136798905608755,0.457455540355677,8.08903331786146e-09,9695.46738951757,0.0112476071356133,0.129235323463181,375622.759233926
"44","org.apache.catalina.manager.ManagerServlet_isServiced","org.apache.catalina.manager.ManagerServlet",1,13,0,0.769230769230769,0.0714285714285714,0.131868131868132,3.64245068968979e-06,58685.9659090909,0.0581386632349052,0.0798619984671817,224
"45","org.apache.catalina.manager.ManagerServlet_list","org.apache.catalina.manager.ManagerServlet",1,65,12,0.661538461538462,0.0177595628415301,0.215846994535519,1.43239345754829e-07,12664.3304118809,0.0156740707440728,0.0722966601009875,205170.755191257
"46","org.apache.catalina.manager.ManagerServlet_printResources","org.apache.catalina.manager.ManagerServlet",1,99,19,0.535353535353535,0.0297619047619048,19.9404761904762,1.08819555839588e-07,13268.2295588385,0.0170849630825116,0.157850622767547,61938.1885964912
"47","org.apache.catalina.manager.ManagerServlet_reload","org.apache.catalina.manager.ManagerServlet",1,83,12,0.626506024096386,0.0279461279461279,10.4626262626263,2.1234154250953e-07,26651.7795261014,0.017500613478274,0.179329755169779,25060.9515151515
"48","org.apache.catalina.manager.ManagerServlet_removeServiced","org.apache.catalina.manager.ManagerServlet",1,11,0,0.636363636363636,0.0833333333333333,0.151515151515152,7.11430493881877e-06,62335.864516129,0.0655884694355531,0.0943226733928178,121.333333333333
"49","org.apache.catalina.manager.ManagerServlet_resources","org.apache.catalina.manager.ManagerServlet",1,54,14,0.444444444444444,0.0249768732654949,0.431082331174838,2.02903543491878e-07,29830.4916083916,0.0200596156300709,0.164832881955322,19493.9500462535
"50","org.apache.catalina.manager.ManagerServlet_save","org.apache.catalina.manager.ManagerServlet",1,85,18,0.529411764705882,0.0201923076923077,1.52788461538462,7.70020925188748e-08,23518.7956110155,0.0147857048808499,0.213121257923028,35413.3884615385
"51","org.apache.catalina.manager.ManagerServlet_serverinfo","org.apache.catalina.manager.ManagerServlet",1,68,4,0.367647058823529,0.0394889663182346,14.4785133565621,4.12959933978653e-07,32232.9901639344,0.0228648760050597,0.137906939271521,6312.49941927991
"52","org.apache.catalina.manager.ManagerServlet_setWrapper","org.apache.catalina.manager.ManagerServlet",1,46,4,0.695652173913043,0.0274390243902439,0.410975609756098,1.89533514625208e-07,32760.6584745763,0.0227753591765461,0.123575952008115,12009.2804878049
"53","org.apache.catalina.manager.ManagerServlet_start","org.apache.catalina.manager.ManagerServlet",1,85,13,0.611764705882353,0.0263157894736842,9.26503759398496,1.50386678268939e-07,25960.1647368421,0.0168664122612115,0.175781204410107,38349.9154135338
"54","org.apache.catalina.manager.ManagerServlet_stop","org.apache.catalina.manager.ManagerServlet",1,79,11,0.620253164556962,0.0286647314949202,9.13425253991292,2.47430484626438e-07,27381.2376760563,0.0181104696478171,0.17689021217414,23445.1865021771
"55","org.apache.catalina.manager.ManagerServlet_threadDump","org.apache.catalina.manager.ManagerServlet",1,8,0,0.25,0.111111111111111,0.194444444444444,2.55119067756068e-05,68746.4484126984,0.0808521886269656,0.129488954818185,38.5
"56","org.apache.catalina.manager.ManagerServlet_undeploy","org.apache.catalina.manager.ManagerServlet",1,273,46,0.56043956043956,0.0193394176445024,79.875416485586,4.02655894541063e-08,14489.7881064835,0.00850807483863127,0.195079749973603,385786.193249312
"57","org.apache.catalina.manager.ManagerServlet_undeployDir","org.apache.catalina.manager.ManagerServlet",1,26,11,0.461538461538462,0.0513833992094862,0.383399209486166,2.36706317548103e-06,23803.7564105182,0.0384144474088483,0.171899687859618,3966.08498023715
"58","org.apache.catalina.manager.ManagerServlet_uploadWar","org.apache.catalina.manager.ManagerServlet",1,139,38,0.366906474820144,0.027364185110664,16.0853118712274,3.4710853853454e-08,11164.2750691157,0.0136856393087911,0.387830547055232,78503.6729711603
"59","org.apache.catalina.manager.ManagerServlet_validateContextName","org.apache.catalina.manager.ManagerServlet",1,22,8,0.409090909090909,0.0578947368421053,0.378947368421053,2.21375373485146e-06,49913.9392712551,0.043361892005957,0.187008936592959,557.081578947368
"60","org.apache.catalina.manager.ManagerServlet_vmInfo","org.apache.catalina.manager.ManagerServlet",1,8,0,0.25,0.111111111111111,0.194444444444444,2.55119067756068e-05,68746.4484126984,0.0808521886269656,0.129488954818185,38.5
"61","org.apache.catalina.manager.ManagerServlet_writeDeployResult","org.apache.catalina.manager.ManagerServlet",1,37,12,0.459459459459459,0.0362903225806452,0.451612903225806,6.11127015703304e-07,38420.6329411765,0.0286702604184577,0.142935370089511,2494.34576612903
"62","org.apache.catalina.manager.StatusManagerServlet_destroy","org.apache.catalina.manager.StatusManagerServlet",1,17,1,0.470588235294118,0.128787878787879,2.15151515151515,4.42216798674673e-05,62335.864516129,0.0678763126509353,0.219457103226941,31.219696969697
"63","org.apache.catalina.manager.StatusManagerServlet_doGet","org.apache.catalina.manager.StatusManagerServlet",1,436,27,0.862385321100917,0.00509607742297443,56.71518070036,1.14147826488743e-10,4457.9757816655,0.00341694665175951,0.140172676590447,52686349.0941605
"64","org.apache.catalina.manager.StatusManagerServlet_handleNotification","org.apache.catalina.manager.StatusManagerServlet",1,70,33,0.357142857142857,0.0235849056603774,0.79100145137881,5.68814011258846e-07,27381.2376760563,0.0182123102448642,0.112629770934599,11220.9368650218
"65","org.apache.catalina.manager.StatusManagerServlet_init","org.apache.catalina.manager.StatusManagerServlet",1,145,21,0.662068965517241,0.0261261261261261,56.5765765765766,3.50069539767235e-07,75655.4757369938,0.0137735374183677,0.0606563358109545,213379.272522523
"66","org.apache.catalina.manager.StatusTransformer_filter","org.apache.catalina.manager.StatusTransformer",1,36,9,0.361111111111111,0.0406403940886699,1.064039408867,1.19488174266081e-06,20815.2276995608,0.031620184124727,0.343214158001863,6918.95705665025
"67","org.apache.catalina.manager.StatusTransformer_filterXml","org.apache.catalina.manager.StatusTransformer",1,35,20,0.2,0.0476923076923077,0.966153846153846,2.60579174654924e-06,22186.8380794373,0.0352671171315119,0.197969429445692,7459.38
"68","org.apache.catalina.manager.StatusTransformer_formatSeconds","org.apache.catalina.manager.StatusTransformer",1,19,5,0.578947368421053,0.0620915032679739,0.457516339869281,5.28291507807804e-06,52531.8558558559,0.0479641342963826,0.139443319840147,338.264705882353
"69","org.apache.catalina.manager.StatusTransformer_formatSize","org.apache.catalina.manager.StatusTransformer",1,45,11,0.577777777777778,0.0261324041811847,0.418118466898955,4.57424797522954e-08,32232.9901639344,0.0222343541358702,0.130988620996825,11687.5029036005
"70","org.apache.catalina.manager.StatusTransformer_formatTime","org.apache.catalina.manager.StatusTransformer",1,29,7,0.620689655172414,0.0383597883597884,0.513227513227513,2.90288336359951e-07,41615.4310823312,0.0322432257740977,0.158591261454413,1716.32142857143
"71","org.apache.catalina.manager.StatusTransformer_setContentType","org.apache.catalina.manager.StatusTransformer",1,NA,1,NA,0.160714285714286,0.5,0.000289525208682307,71185.6153846154,0.0896119172860648,0.27010869655791,13.9285714285714
"72","org.apache.catalina.manager.StatusTransformer_writeBody","org.apache.catalina.manager.StatusTransformer",1,8,2,0.25,0.142857142857143,0.285714285714286,0.00019643365258429,71185.6153846154,0.08786965024039,0.210844274378595,20.2857142857143
"73","org.apache.catalina.manager.StatusTransformer_writeConnectorState","org.apache.catalina.manager.StatusTransformer",1,19,2,0.0526315789473684,0.00404730285208373,0.628470246000126,4.85787731879961e-11,5311.0585131401,0.00392577630078131,0.162192992243219,19606553.114526
"74","org.apache.catalina.manager.StatusTransformer_writeContext","org.apache.catalina.manager.StatusTransformer",1,112,21,0.544642857142857,0.0104555638536221,0.189693801344287,1.3814638258453e-09,10306.1799795395,0.00934971613894945,0.0657160978412646,800945.962285288
"75","org.apache.catalina.manager.StatusTransformer_writeDetailedState","org.apache.catalina.manager.StatusTransformer",1,5,2,0.2,0.0172316384180791,0.473446327683616,2.47932869345168e-08,12703.18950603,0.0159330824626113,0.17790376009049,31116.9771186441
"76","org.apache.catalina.manager.StatusTransformer_writeFooter","org.apache.catalina.manager.StatusTransformer",1,10,5,0.1,0.138888888888889,0.444444444444444,0.000184265542809639,68746.4484126984,0.0826420009445173,0.24782467663255,16.6944444444444
"77","org.apache.catalina.manager.StatusTransformer_writeHeader","org.apache.catalina.manager.StatusTransformer",1,14,5,0.142857142857143,0.0897435897435897,0.307692307692308,4.38100819683797e-05,60456.0151209677,0.0625997430280473,0.189256824981834,71.3974358974359
"78","org.apache.catalina.manager.StatusTransformer_writeJspMonitor","org.apache.catalina.manager.StatusTransformer",1,28,5,0.5,0.0398860398860399,0.148148148148148,1.01236340371705e-06,21743.2512077295,0.0333353349916719,0.098165206224668,4302.76923076923
"79","org.apache.catalina.manager.StatusTransformer_writeOSState","org.apache.catalina.manager.StatusTransformer",1,106,5,0.641509433962264,0.012125371768474,1.20292839167239,1.91506104385054e-09,17538.9870417193,0.0103184465966394,0.120417706009113,586569.36273164
"80","org.apache.catalina.manager.StatusTransformer_writePageHeading","org.apache.catalina.manager.StatusTransformer",1,8,2,0.25,0.142857142857143,0.285714285714286,0.00019643365258429,71185.6153846154,0.08786965024039,0.210844274378595,20.2857142857143
"81","org.apache.catalina.manager.StatusTransformer_writeProcessorState","org.apache.catalina.manager.StatusTransformer",1,23,1,0.0434782608695652,0.00630881094952951,1.42557741659538,8.71731357809617e-11,5514.22516060304,0.00587343270254056,0.356600744489147,90114.2434502424
"82","org.apache.catalina.manager.StatusTransformer_writeServerInfo","org.apache.catalina.manager.StatusTransformer",1,8,2,0.25,0.142857142857143,0.285714285714286,0.00019643365258429,71185.6153846154,0.08786965024039,0.210844274378595,20.2857142857143
"83","org.apache.catalina.manager.StatusTransformer_writeVMState","org.apache.catalina.manager.StatusTransformer",1,213,16,0.652582159624413,0.00514343668501884,0.366560417270356,2.38470840220636e-10,4757.43014775445,0.00483296102947854,0.101090337394266,1413711.80901671
"84","org.apache.catalina.manager.StatusTransformer_writeWrapper","org.apache.catalina.manager.StatusTransformer",1,58,11,0.379310344827586,0.0202655485674354,0.204053109713487,3.06573441885403e-08,13833.1439459411,0.0175569579124882,0.0812829705962182,43080.3301886792
"85","org.apache.tomcat.util.DomUtil_findChildWithAtt","org.apache.tomcat.util.DomUtil",1,34,20,0.294117647058824,0.0579710144927536,1.10144927536232,8.92061560741796e-06,23211.8401623851,0.0372305903451499,0.17516185174843,3139.23913043478
"86","org.apache.tomcat.util.DomUtil_getAttribute","org.apache.tomcat.util.DomUtil",1,9,4,0.333333333333333,0.125,0.5,3.48783283442052e-05,68746.4484126984,0.0800650082414968,0.318071791775987,34.75
"87","org.apache.tomcat.util.DomUtil_getChildContent","org.apache.tomcat.util.DomUtil",1,15,7,0.4,0.0824175824175824,0.593406593406593,1.18052088055745e-05,30203.9166666667,0.0581888762242211,0.22448893270487,282.862637362637
"88","org.apache.tomcat.util.DomUtil_getContent","org.apache.tomcat.util.DomUtil",1,8,4,0.375,0.142857142857143,0.571428571428571,3.86970179235152e-05,71185.6153846154,0.0865304355011598,0.359070346435012,16.8392857142857
"89","org.apache.tomcat.util.DomUtil_readXml","org.apache.tomcat.util.DomUtil",1,11,0,0.363636363636364,0.0833333333333333,0.151515151515152,7.11430493881877e-06,62335.864516129,0.0655884694355531,0.0943226733928178,121.333333333333
"90","org.apache.tomcat.util.DomUtil_removeAttribute","org.apache.tomcat.util.DomUtil",1,4,0,0.25,0.2,0.3,0.000414340248911927,79659.8967391304,0.112734609051013,0.257365353930116,3.5
"91","org.apache.tomcat.util.DomUtil_setAttribute","org.apache.tomcat.util.DomUtil",1,8,0,0.375,0.111111111111111,0.194444444444444,2.55119067756068e-05,68746.4484126984,0.0808521886269656,0.129488954818185,38.5
"92","org.apache.tomcat.util.DomUtil_setAttributes","org.apache.tomcat.util.DomUtil",1,37,9,0.486486486486487,0.0372983870967742,0.479838709677419,1.17238315571873e-06,19645.1041626887,0.028643808877314,0.163796431410221,18966.7328629032
"93","org.apache.tomcat.util.DomUtil_setText","org.apache.tomcat.util.DomUtil",1,9,2,0.333333333333333,0.125,0.25,9.94476923886748e-05,68746.4484126984,0.0816079968524996,0.216935891553758,26.75
"94","org.apache.tomcat.util.DomUtil_writeXml","org.apache.tomcat.util.DomUtil",1,10,0,0.4,0.0909090909090909,0.163636363636364,1.04246879685213e-05,64336.024137931,0.0700380673492915,0.103711790507244,85.8
"95","org.apache.tomcat.util.http.mapper.Mapper_addHost","org.apache.tomcat.util.http.mapper.Mapper",1,74,15,0.554054054054054,0.0160228270412643,0.187006145741879,3.22322089271227e-08,11639.3793298519,0.014117880088185,0.0787340005958944,44330.4659789289
"96","org.apache.tomcat.util.http.mapper.Mapper_addHostAlias","org.apache.tomcat.util.http.mapper.Mapper",1,15,4,0.4,0.0824175824175824,0.285714285714286,1.79366161893419e-05,58685.9659090909,0.0583103938407445,0.137183758709992,224.554945054945
"97","org.apache.tomcat.util.http.mapper.Mapper_addWelcomeFile","org.apache.tomcat.util.http.mapper.Mapper",1,18,2,0.5,0.0588235294117647,0.117647058823529,3.87380131424464e-06,52531.8558558559,0.0473716922616887,0.0939773911562167,541.202614379085
"98","org.apache.tomcat.util.http.mapper.Mapper_clearWelcomeFiles","org.apache.tomcat.util.http.mapper.Mapper",1,9,2,0.333333333333333,0.125,0.25,6.90672614014371e-05,68746.4484126984,0.0809985515642607,0.186275835395755,45
"99","org.apache.tomcat.util.http.mapper.Mapper_pauseContextVersion","org.apache.tomcat.util.http.mapper.Mapper",1,13,4,0.230769230769231,0.0984848484848485,0.333333333333333,3.04730671093084e-05,62335.864516129,0.0658333556255996,0.156659039828067,132.568181818182
"100","org.apache.tomcat.util.http.mapper.Mapper_removeHost","org.apache.tomcat.util.http.mapper.Mapper",1,31,9,0.645161290322581,0.041005291005291,0.248677248677249,1.42915265044287e-06,21273.6182998934,0.0323842613954455,0.109949411699319,4369.31216931217
"101","org.apache.tomcat.util.http.mapper.Mapper_removeWelcomeFile","org.apache.tomcat.util.http.mapper.Mapper",1,41,14,0.463414634146341,0.0325396825396825,0.377777777777778,1.06848169350285e-06,18276.5037972316,0.0257118992211193,0.107535860833191,9162.18015873016
"102","org.apache.tomcat.util.http.mapper.Mapper_setContext","org.apache.tomcat.util.http.mapper.Mapper",1,10,0,0.6,0.0909090909090909,0.163636363636364,1.04246879685213e-05,64336.024137931,0.0700380673492915,0.103711790507244,85.8
"103","org.apache.tomcat.util.http.parser.HttpParser_isAbsolutePath","org.apache.tomcat.util.http.parser.HttpParser",1,3,0,0.666666666666667,0.25,0.333333333333333,0.00132668808264046,82949.1106719368,0.121491107397222,0.341646554035935,1.33333333333333
"104","org.apache.tomcat.util.http.parser.HttpParser_isAbsolutePathRelaxed","org.apache.tomcat.util.http.parser.HttpParser",1,9,0,0.555555555555556,0.160714285714286,1.35714285714286,7.4053781050204e-05,71185.6153846154,0.0882261767567661,0.38672890911617,9.35714285714286
"105","org.apache.tomcat.util.http.parser.HttpParser_isAlpha","org.apache.tomcat.util.http.parser.HttpParser",1,8,0,0.625,0.19047619047619,1.23809523809524,0.000109725175286602,73803.5215384615,0.0958215774577846,0.436535359357517,5.33333333333333
"106","org.apache.tomcat.util.http.parser.HttpParser_isHex","org.apache.tomcat.util.http.parser.HttpParser",1,8,0,0.625,0.19047619047619,1.23809523809524,0.000109725175286602,73803.5215384615,0.0958215774577846,0.436535359357517,5.33333333333333
"107","org.apache.tomcat.util.http.parser.HttpParser_isHttpProtocol","org.apache.tomcat.util.http.parser.HttpParser",1,8,0,0.625,0.19047619047619,1.23809523809524,0.000109725175286602,73803.5215384615,0.0958215774577846,0.436535359357517,5.33333333333333
"108","org.apache.tomcat.util.http.parser.HttpParser_isNotRequestTarget","org.apache.tomcat.util.http.parser.HttpParser",1,3,0,0.666666666666667,0.25,0.333333333333333,0.00132668808264046,82949.1106719368,0.121491107397222,0.341646554035935,1.33333333333333
"109","org.apache.tomcat.util.http.parser.HttpParser_isNotRequestTargetRelaxed","org.apache.tomcat.util.http.parser.HttpParser",1,9,0,0.555555555555556,0.160714285714286,1.35714285714286,7.4053781050204e-05,71185.6153846154,0.0882261767567661,0.38672890911617,9.35714285714286
"110","org.apache.tomcat.util.http.parser.HttpParser_isQuery","org.apache.tomcat.util.http.parser.HttpParser",1,3,0,0.666666666666667,0.25,0.333333333333333,0.00132668808264046,82949.1106719368,0.121491107397222,0.341646554035935,1.33333333333333
"111","org.apache.tomcat.util.http.parser.HttpParser_isQueryRelaxed","org.apache.tomcat.util.http.parser.HttpParser",1,9,0,0.555555555555556,0.160714285714286,1.35714285714286,7.4053781050204e-05,71185.6153846154,0.0882261767567661,0.38672890911617,9.35714285714286
"112","org.apache.tomcat.util.http.parser.HttpParser_isRelaxable","org.apache.tomcat.util.http.parser.HttpParser",1,8,0,0.625,0.19047619047619,1.23809523809524,0.000109725175286602,73803.5215384615,0.0958215774577846,0.436535359357517,5.33333333333333
"113","org.apache.tomcat.util.http.parser.HttpParser_isToken","org.apache.tomcat.util.http.parser.HttpParser",1,8,0,0.625,0.19047619047619,1.23809523809524,0.000109725175286602,73803.5215384615,0.0958215774577846,0.436535359357517,5.33333333333333
"114","org.apache.tomcat.util.http.parser.HttpParser_isUserInfo","org.apache.tomcat.util.http.parser.HttpParser",1,8,0,0.625,0.19047619047619,1.23809523809524,0.000109725175286602,73803.5215384615,0.0958215774577846,0.436535359357517,5.33333333333333
"115","org.apache.tomcat.util.http.parser.HttpParser_parseAuthorizationDigest","org.apache.tomcat.util.http.parser.HttpParser",1,56,21,0.446428571428571,0.0314102564102564,1.38205128205128,2.14627477364364e-07,17009.113570418,0.0233724449367288,0.342739945812076,63428.4814102564
"116","org.apache.tomcat.util.http.parser.HttpParser_parseMediaType","org.apache.tomcat.util.http.parser.HttpParser",1,45,20,0.466666666666667,0.0357142857142857,1.17142857142857,6.85284339939095e-07,18229.2858527147,0.0257494432139806,0.13867559580322,13450.8785714286
"117","org.apache.tomcat.util.http.parser.HttpParser_unquote","org.apache.tomcat.util.http.parser.HttpParser",1,33,13,0.454545454545455,0.0406403940886699,0.635467980295567,1.16019682597492e-06,20823.2749622755,0.0314359295050958,0.1637219603324,4457.6724137931
"118","sample.functionA.MainA_main","sample.functionA.MainA",1,12,1,0.333333333333333,0.109090909090909,0.363636363636364,3.21678457386093e-05,64336.024137931,0.0705120633322692,0.226072739792884,64.1636363636364
